{
  "baseScheme" : "beverage",
  "baseGroupId" : "org.foo",
  "baseArtifactId" : "beverage-component",
  "baseVersion" : "2.22.0-SNAPSHOT",
  "baseJavaType" : "org.beverage.BeverageComponent",
  "name" : "Bar",
  "scheme" : "bar",
  "javaType" : "org.foo.connector.BarComponent",
  "groupId" : "org.foo",
  "artifactId" : "wine-connector",
  "version" : "2.22.0-SNAPSHOT",
  "description" : "To order drinks from the bar",
  "labels" : [ "bar" ],
  "pattern" : "To",
  "inputDataType" : "*",
  "outputDataType" : "text",
  "endpointOptions" : [ "drink", "amount", "celebrity" ],
  "endpointValues" : {
    "amount" : 2
  }
}