<?xml version="1.0" encoding="UTF-8"?>
<!--
  ~ Licensed to the Apache Software Foundation (ASF) under one or more
  ~ contributor license agreements.  See the NOTICE file distributed with
  ~ this work for additional information regarding copyright ownership.
  ~ The ASF licenses this file to You under the Apache License, Version 2.0
  ~ (the "License"); you may not use this file except in compliance with
  ~ the License.  You may obtain a copy of the License at
  ~
  ~      http://www.apache.org/licenses/LICENSE-2.0
  ~
  ~ Unless required by applicable law or agreed to in writing, software
  ~ distributed under the License is distributed on an "AS IS" BASIS,
  ~ WITHOUT WARRANTIES OR CONDITIONS OF ANY KIND, either express or implied.
  ~ See the License for the specific language governing permissions and
  ~ limitations under the License.
  -->
<features name="camel-example-ssh-security-${project.version}"
          xmlns="http://karaf.apache.org/xmlns/features/v1.0.0"
          xmlns:xsi="http://www.w3.org/2001/XMLSchema-instance"
          xsi:schemaLocation="http://karaf.apache.org/xmlns/features/v1.0.0 http://karaf.apache.org/xmlns/features/v1.0.0">
  <repository>mvn:org.apache.camel.karaf/apache-camel/${project.version}/xml/features</repository>

  <feature name="camel-example-ssh-security" version="${project.version}">
    <feature version="${project.version}">camel-ssh</feature>
    <feature version="${project.version}">camel-spring</feature>
    <bundle>mvn:org.apache.camel/camel-example-ssh-security/${project.version}</bundle>
  </feature>
</features>