<?xml version="1.0" encoding="UTF-8"?>
## ------------------------------------------------------------------------
## Licensed to the Apache Software Foundation (ASF) under one or more
## contributor license agreements.  See the NOTICE file distributed with
## this work for additional information regarding copyright ownership.
## The ASF licenses this file to You under the Apache License, Version 2.0
## (the "License"); you may not use this file except in compliance with
## the License.  You may obtain a copy of the License at
##
## http://www.apache.org/licenses/LICENSE-2.0
##
## Unless required by applicable law or agreed to in writing, software
## distributed under the License is distributed on an "AS IS" BASIS,
## WITHOUT WARRANTIES OR CONDITIONS OF ANY KIND, either express or implied.
## See the License for the specific language governing permissions and
## limitations under the License.
## ------------------------------------------------------------------------
<!-- Configures the Camel Context-->

<beans xmlns="http://www.springframework.org/schema/beans"
       xmlns:xsi="http://www.w3.org/2001/XMLSchema-instance"
       xmlns:amq="http://activemq.apache.org/schema/core"
       xsi:schemaLocation="
       http://www.springframework.org/schema/beans http://www.springframework.org/schema/beans/spring-beans.xsd
       http://camel.apache.org/schema/spring http://camel.apache.org/schema/spring/camel-spring.xsd
       http://activemq.apache.org/schema/core http://activemq.apache.org/schema/core/activemq-core.xsd">

  <!-- This creates an embedded ActiveMQ Broker -->
  <broker xmlns="http://activemq.apache.org/schema/core" useJmx="true" persistent="false">
    <transportConnectors>
      <transportConnector uri="tcp://localhost:61616" />
    </transportConnectors>
  </broker>

  <!-- Lets connect the Camel ActiveMQ component to the embedded broker.
       See http://camel.apache.org/activemq.html for more information.
  -->
  <bean id="activemq" class="org.apache.activemq.camel.component.ActiveMQComponent">
    <property name="brokerURL" value="failover:tcp://localhost:61616"/>
  </bean>

  <!-- Here is a sample which processes the input files
         (leaving them in place - see the 'noop' flag), and
         sends them on a JMS queue. This queue is watched by
         another route which then performs content based
         routing on the messages using XPath. 
  -->
  <camelContext xmlns="http://camel.apache.org/schema/spring">
    <route>
      <from uri="file:src/data?noop=true"/>
      <to uri="activemq:personnel.records"/>
    </route>
    <route>
      <from uri="activemq:personnel.records"/>
      <choice>
        <when>
          <xpath>/person/city = 'London'</xpath>
          <to uri="file:target/messages/uk"/>
        </when>
        <otherwise>
          <to uri="file:target/messages/others"/>
        </otherwise>
      </choice>
    </route>
  </camelContext>

</beans>
