<?xml version="1.0" encoding="UTF-8"?>
<!--
    Licensed to the Apache Software Foundation (ASF) under one or more
    contributor license agreements.  See the NOTICE file distributed with
    this work for additional information regarding copyright ownership.
    The ASF licenses this file to You under the Apache License, Version 2.0
    (the "License"); you may not use this file except in compliance with
    the License.  You may obtain a copy of the License at

    http://www.apache.org/licenses/LICENSE-2.0

    Unless required by applicable law or agreed to in writing, software
    distributed under the License is distributed on an "AS IS" BASIS,
    WITHOUT WARRANTIES OR CONDITIONS OF ANY KIND, either express or implied.
    See the License for the specific language governing permissions and
    limitations under the License.
-->

<beans xmlns="http://www.springframework.org/schema/beans"
       xmlns:xsi="http://www.w3.org/2001/XMLSchema-instance"
       xmlns:camel="http://camel.apache.org/schema/spring"
       xmlns:context="http://www.springframework.org/schema/context"
       xsi:schemaLocation="
         http://www.springframework.org/schema/beans http://www.springframework.org/schema/beans/spring-beans.xsd
         http://www.springframework.org/schema/context http://www.springframework.org/schema/context/spring-context.xsd
         http://camel.apache.org/schema/spring http://camel.apache.org/schema/spring/camel-spring.xsd">

  <!-- spring property placeholder, ignore resource not found as the file resource is for unit testing -->
  <context:property-placeholder location="classpath:myapp.properties,file:target/custom.properties"
                                ignore-resource-not-found="true"/>

  <!-- bean implementing logic -->
  <bean id="helloServiceBean" class="org.apache.camel.example.osgi.HelloServiceImpl"/>

  <!-- setup RMI server -->
  <bean id="rmiServer" class="java.rmi.registry.LocateRegistry" factory-method="createRegistry">
    <constructor-arg index="0" value="${port}"/>
  </bean>

  <camelContext xmlns="http://camel.apache.org/schema/spring" depends-on="rmiServer">

    <endpoint id="rmiService" uri="rmi://localhost:${port}/helloServiceBean?remoteInterfaces=org.apache.camel.example.osgi.HelloService"/>

    <!-- expose a RMI service as a Camel route -->
    <camel:route>
      <from ref="rmiService"/>
      <to uri="log:Incoming request on RMI"/>
      <to uri="bean:helloServiceBean"/>
    </camel:route>

  </camelContext>

</beans>
