<?xml version="1.0" encoding="UTF-8"?>
<!--
    Licensed to the Apache Software Foundation (ASF) under one or more
    contributor license agreements.  See the NOTICE file distributed with
    this work for additional information regarding copyright ownership.
    The ASF licenses this file to You under the Apache License, Version 2.0
    (the "License"); you may not use this file except in compliance with
    the License.  You may obtain a copy of the License at

    http://www.apache.org/licenses/LICENSE-2.0

    Unless required by applicable law or agreed to in writing, software
    distributed under the License is distributed on an "AS IS" BASIS,
    WITHOUT WARRANTIES OR CONDITIONS OF ANY KIND, either express or implied.
    See the License for the specific language governing permissions and
    limitations under the License.
-->

<!-- Configures the Camel Context-->

<beans xmlns="http://www.springframework.org/schema/beans"
       xmlns:xsi="http://www.w3.org/2001/XMLSchema-instance"
       xsi:schemaLocation="
       http://www.springframework.org/schema/beans http://www.springframework.org/schema/beans/spring-beans.xsd
       http://camel.apache.org/schema/spring http://camel.apache.org/schema/spring/camel-spring.xsd">

  <!-- this is Camel -->
  <camelContext id="camel" xmlns="http://camel.apache.org/schema/spring">

    <!-- configure our route -->
    <!-- START SNIPPET: e1 -->
    <route>
      <from uri="rss:https://issues.apache.org/jira/sr/jira.issueviews:searchrequest-rss/temp/SearchRequest.xml?pid=12311211&amp;sorter/field=issuekey&amp;sorter/order=DESC&amp;tempMax=1000&amp;delay=10s"/>
      <marshal>
        <rss/>
      </marshal>
      <setBody>
        <xpath>/rss/channel/item/title/text()</xpath>
      </setBody>
      <to uri="log:jirabot?showHeaders=false&amp;showExchangePattern=false&amp;showBodyType=false"/>
      <to uri="irc:JiraBot@irc.freenode.net/#jirabottest"/>
    </route>
    <!-- END SNIPPET: e1 -->
  </camelContext>

</beans>

