<?xml version="1.0" encoding="UTF-8"?>
<!--
    Licensed to the Apache Software Foundation (ASF) under one or more
    contributor license agreements.  See the NOTICE file distributed with
    this work for additional information regarding copyright ownership.
    The ASF licenses this file to You under the Apache License, Version 2.0
    (the "License"); you may not use this file except in compliance with
    the License.  You may obtain a copy of the License at

    http://www.apache.org/licenses/LICENSE-2.0

    Unless required by applicable law or agreed to in writing, software
    distributed under the License is distributed on an "AS IS" BASIS,
    WITHOUT WARRANTIES OR CONDITIONS OF ANY KIND, either express or implied.
    See the License for the specific language governing permissions and
    limitations under the License.
-->

<beans xmlns="http://www.springframework.org/schema/beans"
       xmlns:xsi="http://www.w3.org/2001/XMLSchema-instance"
       xsi:schemaLocation="
         http://www.springframework.org/schema/beans http://www.springframework.org/schema/beans/spring-beans.xsd
         http://camel.apache.org/schema/spring http://camel.apache.org/schema/spring/camel-spring.xsd">

  <!-- START SNIPPET: example -->
  <camelContext xmlns="http://camel.apache.org/schema/spring">

    <!-- lets parse files, transform them with XQuery and send them to JMS -->
    <route>
      <from uri="file:src/data?noop=true"/>
      <log message="Transforming input file ${header.CamelFileName}"/>
      <to uri="xquery:myTransform.xquery"/>
      <to uri="jms:MyQueue"/>
    </route>

    <!-- now lets write messages from the queue to a directory -->
    <route>
      <from uri="jms:MyQueue"/>
      <log message="Writing output file ${header.CamelFileName}"/>
      <to uri="file:target/outputFiles"/>
    </route>

  </camelContext>

  <!-- lets configure the default ActiveMQ broker URL -->
  <bean id="jms" class="org.apache.camel.component.jms.JmsComponent">
    <property name="connectionFactory">
      <bean class="org.apache.activemq.ActiveMQConnectionFactory">
        <property name="brokerURL" value="vm://localhost?broker.persistent=false"/>
      </bean>
    </property>
  </bean>
  <!-- END SNIPPET: example -->

</beans>
