{
  "baseScheme" : "beverage",
  "baseGroupId" : "org.foo",
  "baseArtifactId" : "beverage-component",
  "baseVersion" : "2.22.0-SNAPSHOT",
  "baseJavaType" : "org.beverage.BeverageComponent",
  "name" : "Wine",
  "scheme" : "wine",
  "javaType" : "org.foo.connector.WineComponent",
  "groupId" : "org.foo",
  "artifactId" : "wine-connector",
  "version" : "2.22.0-SNAPSHOT",
  "description" : "To order wine from the bar",
  "labels" : [ "bar" ],
  "pattern" : "To",
  "inputDataType" : "*",
  "outputDataType" : "text",
  "endpointOptions" : [ "drink", "amount" ],
  "endpointValues" : {
    "drink" : "Wine"
  },
  "endpointOverrides" : {
    "drink" : {
      "displayName" : "Wine Bottle",
      "enum" : [ "Wine" ],
      "description" : "You can only order wine"
    }
  }
}