<?xml version="1.0" encoding="UTF-8"?>
<!--
	Licensed to the Apache Software Foundation (ASF) under one or more
	contributor license agreements.  See the NOTICE file distributed with
	this work for additional information regarding copyright ownership.
	The ASF licenses this file to You under the Apache License, Version 2.0
	(the "License"); you may not use this file except in compliance with
	the License.  You may obtain a copy of the License at

	http://www.apache.org/licenses/LICENSE-2.0

	Unless required by applicable law or agreed to in writing, software
	distributed under the License is distributed on an "AS IS" BASIS,
	WITHOUT WARRANTIES OR CONDITIONS OF ANY KIND, either express or implied.
	See the License for the specific language governing permissions and
	limitations under the License.
-->

<!DOCTYPE configuration
    PUBLIC "-//mybatis.org//DTD Config 3.0//EN"
    "http://mybatis.org/dtd/mybatis-3-config.dtd">

<configuration>

  <settings>
    <setting name="useGeneratedKeys" value="false"/>
  </settings>

  <!-- Use type aliases to avoid typing the full classname every time. -->
  <typeAliases>
    <typeAlias alias="Order" type="org.apache.camel.example.mybatis.Order"/>
  </typeAliases>

  <!-- setup environment with JDBC data source -->
  <environments default="development">
    <environment id="development">
      <transactionManager type="JDBC"/>
      <dataSource type="POOLED">
        <property name="driver" value="org.apache.derby.jdbc.EmbeddedDriver"/>
        <property name="url" value="jdbc:derby:memory:mybatis;create=true"/>
      </dataSource>
    </environment>
  </environments>

  <!-- mapping files -->
  <mappers>
    <mapper resource="org/apache/camel/example/mybatis/Order.xml"/>
  </mappers>

</configuration>