{
  "baseScheme" : "timer",
  "baseGroupId" : "org.apache.camel",
  "baseArtifactId" : "camel-core",
  "baseVersion" : "2.22.0-SNAPSHOT",
  "baseJavaType" : "org.apache.camel.component.timer.TimerComponent",
  "name" : "Foo",
  "scheme" : "foo",
  "javaType" : "org.foo.connector.FooComponent",
  "groupId" : "org.foo",
  "artifactId" : "foo-connector",
  "version" : "2.22.0-SNAPSHOT",
  "description" : "Something cool",
  "labels" : [ "foo", "timer" ],
  "pattern" : "From",
  "inputDataType" : "none",
  "outputDataType" : "none",
  "endpointOptions" : [ "timerName", "period", "repeatCount" ],
  "endpointValues" : {
    "fixedRate" : true,
    "period" : 5000
  }
}