<?xml version="1.0" encoding="UTF-8"?>
    ## ------------------------------------------------------------------------
    ## Licensed to the Apache Software Foundation (ASF) under one or more
    ## contributor license agreements.  See the NOTICE file distributed with
    ## this work for additional information regarding copyright ownership.
    ## The ASF licenses this file to You under the Apache License, Version 2.0
    ## (the "License"); you may not use this file except in compliance with
    ## the License.  You may obtain a copy of the License at
    ##
    ## http://www.apache.org/licenses/LICENSE-2.0
    ##
    ## Unless required by applicable law or agreed to in writing, software
    ## distributed under the License is distributed on an "AS IS" BASIS,
    ## WITHOUT WARRANTIES OR CONDITIONS OF ANY KIND, either express or implied.
    ## See the License for the specific language governing permissions and
    ## limitations under the License.
    ## ------------------------------------------------------------------------
<blueprint xmlns="http://www.osgi.org/xmlns/blueprint/v1.0.0"
           xmlns:xsi="http://www.w3.org/2001/XMLSchema-instance"
           xmlns:cxf="http://camel.apache.org/schema/blueprint/cxf"
           xsi:schemaLocation="
             http://www.osgi.org/xmlns/blueprint/v1.0.0 http://www.osgi.org/xmlns/blueprint/v1.0.0/blueprint.xsd
             http://camel.apache.org/schema/blueprint/cxf http://camel.apache.org/schema/blueprint/cxf/camel-cxf.xsd
             http://camel.apache.org/schema/blueprint http://camel.apache.org/schema/blueprint/camel-blueprint.xsd">


  <cxf:cxfEndpoint id="reportEndpoint"
                   address="/report/"
                   serviceClass="org.apache.camel.example.reportincident.ReportIncidentEndpoint"
                   wsdlURL="wsdl/report_incident.wsdl"/>

  <camelContext xmlns="http://camel.apache.org/schema/blueprint">
    <route>
      <!-- route starts from the cxf webservice in POJO mode -->
      <from uri="cxf:bean:reportEndpoint"/>
      <!-- convert to the input POJO -->
      <convertBodyTo type="org.apache.camel.example.reportincident.InputReportIncident"/>
      <!-- log what we received -->
      <log message="Received report incident ${body.incidentId}"/>
      <!-- store the incident as a file using incident id as part of the file name -->
      <setHeader headerName="Exchange.FILE_NAME">
        <simple>report-incident-${body.incidentId}.xml</simple>
      </setHeader>
      <to uri="file:work/incident"/>
      <log message="Stored a copy of the incident as ${header.CamelFileNameProduced}"/>
      <!-- route the message whether or not we have a phone number or not -->
      <choice>
        <when>
          <simple>${body.phone.isEmpty}</simple>
          <to uri="seda:emailMe"/>
        </when>
        <otherwise>
          <to uri="seda:callMe"/>
        </otherwise>
      </choice>
      <!-- load the ok.xml and convert that into the POJO that the cxf:bean:reportIncident excepts -->
      <to uri="language:constant:classpath:ok.xml"/>
      <convertBodyTo type="org.apache.camel.example.reportincident.OutputReportIncident"/>
    </route>

    <route>
      <from uri="seda:callMe"/>
      <log message="We are going to call ${body.phone}"/>
    </route>

    <route>
      <from uri="seda:emailMe"/>
      <log message="We are going to email ${body.email}"/>
    </route>

  </camelContext>

</blueprint>
