<?xml version="1.0" encoding="UTF-8"?>
    ## ------------------------------------------------------------------------
    ## Licensed to the Apache Software Foundation (ASF) under one or more
    ## contributor license agreements.  See the NOTICE file distributed with
    ## this work for additional information regarding copyright ownership.
    ## The ASF licenses this file to You under the Apache License, Version 2.0
    ## (the "License"); you may not use this file except in compliance with
    ## the License.  You may obtain a copy of the License at
    ##
    ## http://www.apache.org/licenses/LICENSE-2.0
    ##
    ## Unless required by applicable law or agreed to in writing, software
    ## distributed under the License is distributed on an "AS IS" BASIS,
    ## WITHOUT WARRANTIES OR CONDITIONS OF ANY KIND, either express or implied.
    ## See the License for the specific language governing permissions and
    ## limitations under the License.
    ## ------------------------------------------------------------------------
<blueprint xmlns="http://www.osgi.org/xmlns/blueprint/v1.0.0"
           xmlns:xsi="http://www.w3.org/2001/XMLSchema-instance"
           xmlns:cxf="http://camel.apache.org/schema/blueprint/cxf"
           xsi:schemaLocation="
             http://www.osgi.org/xmlns/blueprint/v1.0.0 https://www.osgi.org/xmlns/blueprint/v1.0.0/blueprint.xsd
             http://camel.apache.org/schema/blueprint/cxf http://camel.apache.org/schema/blueprint/cxf/camel-cxf.xsd
             http://camel.apache.org/schema/blueprint http://camel.apache.org/schema/blueprint/camel-blueprint.xsd">


	<cxf:cxfEndpoint id="reportEndpoint" address="/report/"	serviceClass="${package}.incident.IncidentService" />
		
	<bean id="reportIncidentProcessor" class="${package}.incident.ReportIncidentProcessor" />
	<bean id="statusIncidentProcessor" class="${package}.incident.StatusIncidentProcessor" />

	<camelContext xmlns="http://camel.apache.org/schema/blueprint">

		<route id="cxf">
			<!-- route starts from the cxf webservice in POJO mode -->
			<from uri="cxf:bean:reportEndpoint" />

			<recipientList>
				<simple>direct:${header.operationName}</simple>
			</recipientList>
		</route>

		<route id="report">
			<from uri="direct:reportIncident"/>
			<log message="reportIncident Call"/>
			<process ref="reportIncidentProcessor"/>
			<to uri="log:output" />
		</route>

		<route id="status">
			<from uri="direct:statusIncident"/>
			<log message="statusIncident Call"/>
			<process ref="statusIncidentProcessor"/>
			<to uri="log:output" />
		</route>

	</camelContext>

</blueprint>
