<?xml version="1.0" encoding="UTF-8"?>
<!--

    Licensed to the Apache Software Foundation (ASF) under one or more
    contributor license agreements.  See the NOTICE file distributed with
    this work for additional information regarding copyright ownership.
    The ASF licenses this file to You under the Apache License, Version 2.0
    (the "License"); you may not use this file except in compliance with
    the License.  You may obtain a copy of the License at

         http://www.apache.org/licenses/LICENSE-2.0

    Unless required by applicable law or agreed to in writing, software
    distributed under the License is distributed on an "AS IS" BASIS,
    WITHOUT WARRANTIES OR CONDITIONS OF ANY KIND, either express or implied.
    See the License for the specific language governing permissions and
    limitations under the License.

-->
<beans xmlns="http://www.springframework.org/schema/beans"
       xmlns:xsi="http://www.w3.org/2001/XMLSchema-instance"
       xsi:schemaLocation="
       http://www.springframework.org/schema/beans http://www.springframework.org/schema/beans/spring-beans.xsd
       http://camel.apache.org/schema/spring http://camel.apache.org/schema/spring/camel-spring.xsd">

  <!-- START SNIPPET: e1 -->
  <!-- camelContext is the Camel runtime, where we can host Camel routes -->
  <camelContext xmlns="http://camel.apache.org/schema/spring">
    <route>
      <!-- read input from the console using the stream component -->
      <from uri="stream:in?promptMessage=Enter something: "/>
      <!-- transform the input to upper case using the simple language -->
      <!-- you can also use other languages such as groovy, ognl, mvel, javascript etc. -->
      <transform>
        <simple>${body.toUpperCase()}</simple>
      </transform>
      <!-- and then print to the console -->
      <to uri="stream:out"/>
    </route>
  </camelContext>
  <!-- END SNIPPET: e1 -->

</beans>
