<?xml version="1.0" encoding="UTF-8"?>

<!--
  Licensed to the Apache Software Foundation (ASF) under one or more
  contributor license agreements.  See the NOTICE file distributed with
  this work for additional information regarding copyright ownership.
  The ASF licenses this file to You under the Apache License, Version 2.0
  (the "License"); you may not use this file except in compliance with
  the License.  You may obtain a copy of the License at

  http://www.apache.org/licenses/LICENSE-2.0

  Unless required by applicable law or agreed to in writing, software
  distributed under the License is distributed on an "AS IS" BASIS,
  WITHOUT WARRANTIES OR CONDITIONS OF ANY KIND, either express or implied.
  See the License for the specific language governing permissions and
  limitations under the License.
-->

<beans xmlns="http://www.springframework.org/schema/beans"
       xmlns:xsi="http://www.w3.org/2001/XMLSchema-instance"
       xmlns:context="http://www.springframework.org/schema/context"
       xmlns:camel="http://camel.apache.org/schema/spring"
       xsi:schemaLocation="
         http://www.springframework.org/schema/beans http://www.springframework.org/schema/beans/spring-beans.xsd
         http://www.springframework.org/schema/context http://www.springframework.org/schema/context/spring-context.xsd
         http://camel.apache.org/schema/spring http://camel.apache.org/schema/spring/camel-spring.xsd">

  <context:property-placeholder location="classpath:context.properties"/>

  <camel:camelContext id="camelContext">
    <!-- JMX is not supported in GAE -->
    <camel:jmxAgent id="agent" disabled="true"/>
    <!-- refer to the route to use -->
    <camel:routeBuilder ref="tutorialRouteBuilder"/>
  </camel:camelContext>

  <bean id="tutorialRouteBuilder" class="org.apache.camel.example.gauth.TutorialRouteBuilder">
    <property name="application" value="${application.name}"/>
  </bean>

  <bean id="gauth" class="org.apache.camel.component.gae.auth.GAuthComponent">
    <property name="consumerKey" value="${consumer.key}"/>
    <property name="consumerSecret" value="${consumer.secret}"/>
  </bean>

</beans>
