<?xml version="1.0" encoding="UTF-8"?>
## ------------------------------------------------------------------------
## Licensed to the Apache Software Foundation (ASF) under one or more
## contributor license agreements.  See the NOTICE file distributed with
## this work for additional information regarding copyright ownership.
## The ASF licenses this file to You under the Apache License, Version 2.0
## (the "License"); you may not use this file except in compliance with
## the License.  You may obtain a copy of the License at
##
## http://www.apache.org/licenses/LICENSE-2.0
##
## Unless required by applicable law or agreed to in writing, software
## distributed under the License is distributed on an "AS IS" BASIS,
## WITHOUT WARRANTIES OR CONDITIONS OF ANY KIND, either express or implied.
## See the License for the specific language governing permissions and
## limitations under the License.
## ------------------------------------------------------------------------
<!-- Configures the Camel Context-->

<beans xmlns="http://www.springframework.org/schema/beans"
       xmlns:xsi="http://www.w3.org/2001/XMLSchema-instance"
       xsi:schemaLocation="
       http://www.springframework.org/schema/beans http://www.springframework.org/schema/beans/spring-beans.xsd
       http://camel.apache.org/schema/spring http://camel.apache.org/schema/spring/camel-spring.xsd">

  <camelContext xmlns="http://camel.apache.org/schema/spring">
    <!-- here is a sample which processes the input files
         (leaving them in place - see the 'noop' flag)
         then performs content based routing on the message using XPath -->
    <route>
      <from uri="file:src/data?noop=true"/>
      <choice>
        <when>
          <xpath>/person/city = 'London'</xpath>
          <log message="UK message"/>
          <to uri="file:target/messages/uk"/>
        </when>
        <otherwise>
          <log message="Other message"/>
          <to uri="file:target/messages/others"/>
        </otherwise>
      </choice>
    </route>
  </camelContext>

</beans>
