<?xml version="1.0"?>
<!DOCTYPE Configure PUBLIC "-//Jetty//Configure//EN" "http://www.eclipse.org/jetty/configure_9_0.dtd">

<Configure id="OtherServer" class="org.eclipse.jetty.server.Server">
    <Set name="handler">
      <New id="Handlers" class="org.eclipse.jetty.server.handler.HandlerCollection">
        <Set name="handlers">
         <Array type="org.eclipse.jetty.server.Handler">
           <Item>
             <New id="OtherContexts" class="org.eclipse.jetty.server.handler.ContextHandlerCollection"/>
           </Item>
           <Item>
             <New class="org.eclipse.jetty.server.handler.DefaultHandler"/>
           </Item>
         </Array>
        </Set>
      </New>
    </Set>

  <Call name="addConnector">
    <Arg>
      <New class="org.eclipse.jetty.server.ServerConnector">
        <Arg name="server"><Ref refid="OtherServer" /></Arg>
        <Set name="port">8888</Set>
      </New>
    </Arg>
  </Call>

  <Call name="addBean">
    <Arg>
      <New id="DeploymentManager" class="org.eclipse.jetty.deploy.DeploymentManager">
        <Set name="contexts">
          <Ref refid="OtherContexts" />
        </Set>

        <Call id="webappprovider" name="addAppProvider">
          <Arg>
            <New class="org.eclipse.jetty.deploy.providers.WebAppProvider">
              <Set name="monitoredDirName"><Property name="jetty.home" default="." />/other-webapps</Set>
              <Set name="defaultsDescriptor"><Property name="jetty.home" default="." />/etc/webdefault.xml</Set>
              <Set name="configurationManager">
                <New class="org.eclipse.jetty.deploy.PropertiesConfigurationManager"/>
              </Set>
            </New>
          </Arg>
        </Call>
      </New>
    </Arg>
  </Call>
</Configure>
