<?xml version="1.0" encoding="UTF-8"?>
## ------------------------------------------------------------------------
## Licensed to the Apache Software Foundation (ASF) under one or more
## contributor license agreements.  See the NOTICE file distributed with
## this work for additional information regarding copyright ownership.
## The ASF licenses this file to You under the Apache License, Version 2.0
## (the "License"); you may not use this file except in compliance with
## the License.  You may obtain a copy of the License at
##
## http://www.apache.org/licenses/LICENSE-2.0
##
## Unless required by applicable law or agreed to in writing, software
## distributed under the License is distributed on an "AS IS" BASIS,
## WITHOUT WARRANTIES OR CONDITIONS OF ANY KIND, either express or implied.
## See the License for the specific language governing permissions and
## limitations under the License.
## ------------------------------------------------------------------------
<beans xmlns="http://www.springframework.org/schema/beans"
    xmlns:xsi="http://www.w3.org/2001/XMLSchema-instance"
    xmlns:camel="http://camel.apache.org/schema/spring"
    xsi:schemaLocation="
       http://www.springframework.org/schema/beans
       http://www.springframework.org/schema/beans/spring-beans.xsd
       http://camel.apache.org/schema/spring
       http://camel.apache.org/schema/spring/camel-spring.xsd">

    <!--
        Simple camel route which send every one minute a message on the console.
    -->
    <camelContext xmlns="http://camel.apache.org/schema/spring">
        <route id="timer-to-console">
            <from uri="timer://foo?fixedRate=true&amp;period=10s"/>
            <transform>
               <simple>Hello Web Application, how are you?</simple>
            </transform>
            <to uri="stream:out"/>
        </route>
    </camelContext>

</beans>
